City_ID,City,Lat,Lng,Max Temp,Humidity,Cloudiness,Wind Speed,Country,Date
0,invercargill,-46.4,168.35,18.34,54,38,4.92,NZ,Mon Nov 13 17:47:55 2023
1,ippy,6.2679,21.2247,22.01,92,100,1.35,CF,Mon Nov 13 17:49:57 2023
2,bilibino,68.0546,166.4372,-28.45,100,100,2.08,RU,Mon Nov 13 17:46:37 2023
3,mocimboa,-11.3167,40.35,25.13,91,67,1.26,MZ,Mon Nov 13 17:45:27 2023
4,gadzhiyevo,69.2551,33.3362,-8.7,96,99,0.95,RU,Mon Nov 13 17:45:23 2023
5,puerto natales,-51.7236,-72.4875,3.51,71,53,5.21,CL,Mon Nov 13 17:49:59 2023
6,simav,39.0882,28.9777,9.12,86,76,2.37,TR,Mon Nov 13 17:50:00 2023
7,betio village,1.358,172.9211,28.29,78,99,7.01,KI,Mon Nov 13 17:50:01 2023
8,gewane,10.1664,40.6453,26.51,49,65,1.54,ET,Mon Nov 13 17:50:02 2023
9,vanino,49.0869,140.2543,-8.93,67,52,3.66,RU,Mon Nov 13 17:50:02 2023
10,siavonga,-16.5382,28.7088,29.4,43,89,3.57,ZM,Mon Nov 13 17:50:04 2023
11,wailua homesteads,22.0669,-159.378,28.24,70,75,7.2,US,Mon Nov 13 17:46:43 2023
12,flying fish cove,-10.4217,105.6791,24.82,83,100,3.6,CX,Mon Nov 13 17:45:59 2023
13,koknese,56.65,25.4333,3.84,93,100,3.38,LV,Mon Nov 13 17:50:06 2023
14,albany,42.6001,-73.9662,3.66,69,99,1.0,US,Mon Nov 13 17:46:15 2023
15,anadyr,64.75,177.4833,-11.72,78,38,12.0,RU,Mon Nov 13 17:46:44 2023
16,wuwei,37.9281,102.6414,0.47,40,0,0.86,CN,Mon Nov 13 17:50:07 2023
17,kupang,-10.1667,123.5833,28.32,74,20,1.03,ID,Mon Nov 13 17:50:08 2023
18,bredasdorp,-34.5322,20.0403,15.15,82,4,6.68,ZA,Mon Nov 13 17:46:43 2023
19,kruisfontein,-34.0033,24.7314,13.28,82,81,4.14,ZA,Mon Nov 13 17:50:10 2023
20,iqaluit,63.7506,-68.5145,-19.06,70,20,3.09,CA,Mon Nov 13 17:50:10 2023
21,prince rupert,54.3161,-130.3201,7.83,73,100,2.57,CA,Mon Nov 13 17:50:11 2023
22,aleksandrovsk-sakhalinskiy,50.8975,142.1561,-8.02,86,100,5.38,RU,Mon Nov 13 17:50:11 2023
23,manokwari,-0.8667,134.0833,27.97,73,99,1.48,ID,Mon Nov 13 17:50:12 2023
24,kill devil hills,36.0307,-75.676,11.66,72,0,0.0,US,Mon Nov 13 17:50:13 2023
25,punta arenas,-53.15,-70.9167,5.06,60,79,10.29,CL,Mon Nov 13 17:48:42 2023
26,grytviken,-54.2811,-36.5092,2.53,98,100,3.27,GS,Mon Nov 13 17:50:14 2023
27,adamstown,-25.066,-130.1015,22.86,86,95,8.17,PN,Mon Nov 13 17:50:15 2023
28,arkhangel'sk,64.5401,40.5433,-3.26,91,100,3.32,RU,Mon Nov 13 17:46:36 2023
29,papatowai,-46.5619,169.4708,16.4,47,21,4.04,NZ,Mon Nov 13 17:50:16 2023
30,yellowknife,62.456,-114.3525,-7.71,93,100,1.03,CA,Mon Nov 13 17:48:47 2023
31,murakami,38.2333,139.4833,10.94,72,98,7.01,JP,Mon Nov 13 17:50:17 2023
32,novodvinsk,64.4165,40.8122,-3.45,91,99,3.23,RU,Mon Nov 13 17:50:18 2023
33,sao joao da barra,-21.6403,-41.0511,27.05,87,100,6.32,BR,Mon Nov 13 17:50:19 2023
34,klyuchi,52.2667,79.1667,4.01,89,100,4.98,RU,Mon Nov 13 17:47:02 2023
35,huetamo de nunez,18.5833,-100.8833,32.35,54,35,1.26,MX,Mon Nov 13 17:50:20 2023
36,waitangi,-43.9535,-176.5597,13.05,85,3,9.62,NZ,Mon Nov 13 17:50:20 2023
37,thompson,55.7435,-97.8558,-1.91,86,100,3.09,CA,Mon Nov 13 17:47:45 2023
38,longyearbyen,78.2186,15.6401,-10.09,73,75,3.09,SJ,Mon Nov 13 17:50:22 2023
39,banamba,13.55,-7.45,24.12,12,29,4.28,ML,Mon Nov 13 17:50:23 2023
40,whitehorse,60.7161,-135.0538,-4.99,86,100,8.23,CA,Mon Nov 13 17:50:24 2023
41,magadan,59.5667,150.8,-16.01,74,86,5.46,RU,Mon Nov 13 17:50:25 2023
42,isafjordur,66.0755,-23.124,1.57,84,82,3.52,IS,Mon Nov 13 17:50:26 2023
43,edinburgh of the seven seas,-37.0676,-12.3116,13.62,79,7,11.38,SH,Mon Nov 13 17:50:26 2023
44,keflavik,64.0049,-22.5624,6.95,61,75,7.72,IS,Mon Nov 13 17:46:27 2023
45,thohoyandou,-22.9456,30.485,17.37,84,68,3.0,ZA,Mon Nov 13 17:50:28 2023
46,plastun,44.7561,136.2939,-4.65,67,1,3.06,RU,Mon Nov 13 17:50:29 2023
47,udachny,66.4167,112.4,-6.97,92,100,3.97,RU,Mon Nov 13 17:46:22 2023
48,port mathurin,-19.6833,63.4167,24.96,78,0,1.19,MU,Mon Nov 13 17:46:33 2023
49,badger,64.8,-147.5333,-2.07,91,100,2.06,US,Mon Nov 13 17:50:30 2023
50,sao felix do xingu,-6.6447,-51.995,27.93,47,78,0.83,BR,Mon Nov 13 17:50:32 2023
51,port-aux-francais,-49.35,70.2167,7.13,96,100,17.73,TF,Mon Nov 13 17:50:32 2023
52,basco,20.4487,121.9702,25.77,69,92,11.59,PH,Mon Nov 13 17:50:33 2023
53,carnarvon,-24.8667,113.6333,20.9,70,54,3.55,AU,Mon Nov 13 17:50:34 2023
54,lhasa,29.65,91.1,-0.65,43,27,1.34,CN,Mon Nov 13 17:50:34 2023
55,margaret river,-33.95,115.0667,15.5,86,99,5.3,AU,Mon Nov 13 17:50:35 2023
56,talara,-4.5772,-81.2719,24.42,73,0,7.72,PE,Mon Nov 13 17:50:36 2023
57,whakatane,-37.9585,176.9854,21.05,56,100,3.69,NZ,Mon Nov 13 17:50:37 2023
58,kirakira,-10.4544,161.9205,28.24,72,58,1.43,SB,Mon Nov 13 17:50:38 2023
59,bethel,41.3712,-73.414,6.47,68,94,1.87,US,Mon Nov 13 17:46:20 2023
60,kodiak,57.79,-152.4072,6.73,49,20,8.23,US,Mon Nov 13 17:50:39 2023
61,kasongo,-4.45,26.6667,20.25,96,100,0.78,CD,Mon Nov 13 17:50:39 2023
62,ushuaia,-54.8,-68.3,4.79,70,40,14.31,AR,Mon Nov 13 17:50:40 2023
63,belyy yar,53.6039,91.3903,-10.06,92,86,2.0,RU,Mon Nov 13 17:50:40 2023
64,shasta lake,40.6804,-122.3708,20.4,49,2,1.58,US,Mon Nov 13 17:50:41 2023
65,bodo,67.28,14.405,-2.35,55,0,8.75,NO,Mon Nov 13 17:50:41 2023
66,pangody,65.85,74.4859,-18.81,100,26,2.58,RU,Mon Nov 13 17:46:18 2023
67,holualoa,19.6228,-155.9522,28.08,70,40,4.12,US,Mon Nov 13 17:46:28 2023
68,west island,-12.1568,96.8225,25.99,83,75,4.12,CC,Mon Nov 13 17:50:43 2023
69,rasht,37.2808,49.5832,16.18,85,5,1.32,IR,Mon Nov 13 17:50:43 2023
70,sandakan,5.8402,118.1179,24.82,94,20,1.03,MY,Mon Nov 13 17:50:44 2023
71,blackmans bay,-43.0167,147.3167,14.29,51,73,0.89,AU,Mon Nov 13 17:50:45 2023
72,gulf breeze,30.3571,-87.1639,17.17,87,100,4.12,US,Mon Nov 13 17:46:56 2023
73,petropavlovsk-kamchatsky,53.0452,158.6483,-3.08,74,0,12.52,RU,Mon Nov 13 17:46:46 2023
74,ribeira grande,38.5167,-28.7,15.43,92,100,1.79,PT,Mon Nov 13 17:46:39 2023
75,college,64.8569,-147.8028,-2.03,90,100,2.06,US,Mon Nov 13 17:50:47 2023
76,santa ana,33.7456,-117.8678,27.75,33,75,4.12,US,Mon Nov 13 17:48:07 2023
77,manta,-0.95,-80.7333,26.88,74,40,5.66,EC,Mon Nov 13 17:47:21 2023
78,yaren,-0.5472,166.916,27.37,82,100,11.39,NR,Mon Nov 13 17:50:48 2023
79,utrik,11.2278,169.8474,28.16,82,72,8.11,MH,Mon Nov 13 17:50:49 2023
80,lorengau,-2.0226,147.2712,27.61,80,76,2.36,PG,Mon Nov 13 17:47:23 2023
81,mbandaka,0.0487,18.2603,22.18,98,96,0.12,CD,Mon Nov 13 17:50:50 2023
82,arraial do cabo,-22.9661,-42.0278,25.98,94,75,4.12,BR,Mon Nov 13 17:50:50 2023
83,bechar,31.6167,-2.2167,17.18,25,0,0.0,DZ,Mon Nov 13 17:46:52 2023
84,atafu village,-8.5421,-172.5159,28.93,78,95,4.3,TK,Mon Nov 13 17:50:52 2023
85,tolanaro,-25.0319,46.9987,21.21,86,29,2.05,MG,Mon Nov 13 17:50:52 2023
86,eirunepe,-6.6603,-69.8736,26.95,80,98,0.95,BR,Mon Nov 13 17:50:53 2023
87,haiku-pauwela,20.9219,-156.3051,28.43,55,0,10.29,US,Mon Nov 13 17:50:53 2023
88,luderitz,-26.6481,15.1594,16.54,73,0,2.06,,Mon Nov 13 17:50:54 2023
89,port alfred,-33.5906,26.891,14.54,93,98,5.29,ZA,Mon Nov 13 17:46:40 2023
90,lebu,-37.6167,-73.65,11.61,75,29,3.39,CL,Mon Nov 13 17:46:34 2023
91,susuman,62.7833,148.1667,-33.46,99,79,0.27,RU,Mon Nov 13 17:50:55 2023
92,jamestown,42.097,-79.2353,9.77,66,0,5.14,US,Mon Nov 13 17:47:38 2023
93,grand falls-windsor,48.9332,-55.6649,0.84,75,92,0.45,CA,Mon Nov 13 17:50:56 2023
94,berezovo,63.9381,65.0419,-8.7,91,100,4.02,RU,Mon Nov 13 17:50:57 2023
95,kamaishi,39.2667,141.8833,7.3,70,46,3.9,JP,Mon Nov 13 17:50:57 2023
96,kerikeri,-35.2268,173.9474,20.51,77,66,0.89,NZ,Mon Nov 13 17:50:58 2023
97,baruun-urt,46.6806,113.2792,-13.42,84,48,3.72,MN,Mon Nov 13 17:50:58 2023
98,vorgashor,67.5833,63.95,-16.88,93,96,2.99,RU,Mon Nov 13 17:47:20 2023
99,kintinku,-5.8833,35.2333,23.84,67,98,0.29,TZ,Mon Nov 13 17:50:59 2023
100,garissa,-0.4536,39.6401,25.61,87,60,4.45,KE,Mon Nov 13 17:51:00 2023
101,taree,-31.9,152.4667,24.48,64,6,2.33,AU,Mon Nov 13 17:51:01 2023
102,massena,44.9281,-74.8919,1.51,93,100,2.57,US,Mon Nov 13 17:49:40 2023
103,puerto leguizamo,-0.1934,-74.7819,27.8,72,100,0.24,CO,Mon Nov 13 17:51:02 2023
104,kalmunai,7.4167,81.8167,25.09,89,100,1.81,LK,Mon Nov 13 17:51:02 2023
105,kapuskasing,49.4169,-82.4331,1.05,93,100,6.69,CA,Mon Nov 13 17:47:08 2023
106,kalamata,37.0389,22.1142,16.73,57,20,1.54,GR,Mon Nov 13 17:51:03 2023
107,nova sintra,14.8667,-24.7167,23.8,72,79,4.02,CV,Mon Nov 13 17:46:44 2023
108,puerto ayora,-0.7393,-90.3518,28.98,92,70,2.24,EC,Mon Nov 13 17:51:04 2023
109,kalevala,65.2,31.1667,-4.95,93,100,3.58,RU,Mon Nov 13 17:51:05 2023
110,nar'yan-mar,67.6713,53.087,-13.27,97,100,3.58,RU,Mon Nov 13 17:47:12 2023
111,uturoa,-16.7333,-151.4333,27.05,81,98,5.52,PF,Mon Nov 13 17:46:32 2023
112,mhamid,29.82,-5.72,22.0,26,84,1.61,MA,Mon Nov 13 17:51:07 2023
113,karratha,-20.7377,116.8463,22.54,60,43,5.87,AU,Mon Nov 13 17:46:31 2023
114,tiksi,71.6872,128.8694,-13.64,90,100,3.51,RU,Mon Nov 13 17:51:08 2023
115,okhotsk,59.3833,143.3,-16.96,80,98,6.55,RU,Mon Nov 13 17:46:36 2023
116,ust-nera,64.5667,143.2,-31.39,98,65,2.25,RU,Mon Nov 13 17:51:10 2023
117,vilyuchinsk,52.9306,158.4028,-2.26,79,100,3.48,RU,Mon Nov 13 17:51:11 2023
118,pandan,14.0453,124.1694,27.37,83,100,6.9,PH,Mon Nov 13 17:51:11 2023
119,mangrol,21.1167,70.1167,25.09,32,100,3.63,IN,Mon Nov 13 17:51:12 2023
120,yeraliyev,43.2,51.65,12.32,87,7,4.01,KZ,Mon Nov 13 17:51:12 2023
121,prince george,53.9166,-122.753,1.81,91,100,2.57,CA,Mon Nov 13 17:51:10 2023
122,labytnangi,66.6572,66.4183,-20.85,100,88,0.91,RU,Mon Nov 13 17:46:21 2023
123,qaqortoq,60.7167,-46.0333,-6.95,95,100,1.33,GL,Mon Nov 13 17:51:14 2023
124,khorugh,37.4897,71.553,-3.2,61,0,0.39,TJ,Mon Nov 13 17:51:15 2023
125,ceelbuur,4.685,46.6176,25.36,86,71,2.28,SO,Mon Nov 13 17:51:15 2023
126,marka,1.7159,44.7717,27.18,79,81,2.94,SO,Mon Nov 13 17:51:16 2023
127,namsos,64.4662,11.4957,-1.05,69,100,4.63,NO,Mon Nov 13 17:51:17 2023
128,warrnambool,-38.3833,142.4833,13.93,70,100,2.69,AU,Mon Nov 13 17:51:18 2023
129,tocopilla,-22.092,-70.1979,20.26,66,15,6.35,CL,Mon Nov 13 17:41:54 2023
130,santa rosa de lima,13.6247,-87.8936,26.87,84,98,0.8,SV,Mon Nov 13 17:51:19 2023
131,ilulissat,69.2167,-51.1,-3.99,63,100,6.69,GL,Mon Nov 13 17:46:37 2023
132,loukhi,66.0764,33.0381,-7.13,90,91,4.64,RU,Mon Nov 13 17:51:20 2023
133,longboat key,27.4125,-82.659,25.56,79,40,5.14,US,Mon Nov 13 17:51:20 2023
134,argo,37.6333,22.7333,16.42,74,31,1.08,GR,Mon Nov 13 17:51:21 2023
135,codrington,-38.2667,141.9667,14.62,64,100,2.83,AU,Mon Nov 13 17:51:22 2023
136,malanje,-9.5402,16.341,18.13,96,82,0.99,AO,Mon Nov 13 17:51:22 2023
137,usinsk,65.9939,57.5281,-9.4,87,100,3.13,RU,Mon Nov 13 17:51:23 2023
138,fagaras,45.85,24.9667,4.58,62,79,1.93,RO,Mon Nov 13 17:51:23 2023
139,queenstown,-31.8976,26.8753,11.04,80,100,3.87,ZA,Mon Nov 13 17:51:24 2023
140,wangqing,43.3218,129.7634,-5.17,73,1,0.64,CN,Mon Nov 13 17:51:24 2023
141,bhimunipatnam,17.8833,83.4333,22.67,80,100,3.43,IN,Mon Nov 13 17:51:25 2023
142,chibougamau,49.9168,-74.3659,-4.21,86,100,5.14,CA,Mon Nov 13 17:51:26 2023
143,pyshma,56.9523,63.2513,3.55,86,100,5.78,RU,Mon Nov 13 17:51:27 2023
144,broken hill,-31.95,141.4333,19.14,36,100,6.14,AU,Mon Nov 13 17:51:27 2023
145,tambacounda,13.7539,-13.7586,25.03,53,0,1.03,SN,Mon Nov 13 17:51:28 2023
146,genhe,50.7833,121.5167,-17.49,100,88,0.85,CN,Mon Nov 13 17:51:28 2023
147,gejiu,23.306,103.1635,9.55,98,99,1.58,CN,Mon Nov 13 17:51:29 2023
148,ascension,30.2169,-90.9001,17.12,98,100,2.06,US,Mon Nov 13 17:51:30 2023
149,fort st. john,56.2499,-120.8529,-6.06,93,75,1.54,CA,Mon Nov 13 17:50:44 2023
150,mataram,-8.5833,116.1167,26.45,82,63,3.32,ID,Mon Nov 13 17:51:31 2023
151,suva,-18.1416,178.4415,25.71,94,75,4.63,FJ,Mon Nov 13 17:51:31 2023
152,fort-shevchenko,44.5086,50.263,11.95,65,99,5.28,KZ,Mon Nov 13 17:51:32 2023
153,wynyard,-41.0,145.7167,15.59,50,98,3.11,AU,Mon Nov 13 17:51:32 2023
154,binzhou,37.3667,118.0167,1.45,40,100,2.2,CN,Mon Nov 13 17:51:33 2023
155,sampit,-2.5333,112.95,23.78,97,80,0.62,ID,Mon Nov 13 17:51:34 2023
156,lagoa,39.05,-27.9833,17.64,74,99,3.77,PT,Mon Nov 13 17:51:35 2023
157,vilyuysk,63.7553,121.6247,-15.73,97,100,2.27,RU,Mon Nov 13 17:47:42 2023
158,sanctuary point,-35.1114,150.629,23.51,63,64,1.75,AU,Mon Nov 13 17:51:36 2023
159,georgetown,5.4112,100.3354,25.96,92,20,1.03,MY,Mon Nov 13 17:51:36 2023
160,piacabucu,-10.4056,-36.4344,24.69,82,52,4.11,BR,Mon Nov 13 17:51:37 2023
161,ola,59.5833,151.2833,-16.01,78,80,5.74,RU,Mon Nov 13 17:51:37 2023
162,tha mai,12.6214,102.0048,25.35,85,100,2.48,TH,Mon Nov 13 17:51:38 2023
163,caluula,11.9661,50.7569,26.81,79,90,4.07,SO,Mon Nov 13 17:51:38 2023
164,el abiodh sidi cheikh,32.893,0.5484,15.51,28,7,0.38,DZ,Mon Nov 13 17:51:39 2023
165,ejura,7.3856,-1.3562,26.69,63,31,1.74,GH,Mon Nov 13 17:51:39 2023
166,avarua,-21.2078,-159.775,24.03,64,75,3.6,CK,Mon Nov 13 17:51:40 2023
167,iskateley,67.6803,53.1512,-13.32,97,100,3.58,RU,Mon Nov 13 17:51:41 2023
168,ulladulla,-35.35,150.4667,23.76,65,66,2.45,AU,Mon Nov 13 17:49:07 2023
169,cooper's town,26.8667,-77.5167,25.31,81,88,5.25,BS,Mon Nov 13 17:51:42 2023
170,charters towers,-20.1,146.2667,26.08,38,0,4.98,AU,Mon Nov 13 17:51:43 2023
171,fuling,29.7022,107.3919,10.7,85,97,0.83,CN,Mon Nov 13 17:47:19 2023
172,remire-montjoly,4.9167,-52.2667,27.02,83,0,0.51,GF,Mon Nov 13 17:51:44 2023
173,tomatlan,19.9333,-105.25,30.74,61,8,1.89,MX,Mon Nov 13 17:51:44 2023
174,edson,53.5835,-116.4356,2.08,51,0,0.51,CA,Mon Nov 13 17:51:45 2023
175,san antonio de pale,-1.4014,5.6325,26.37,82,63,4.04,GQ,Mon Nov 13 17:46:57 2023
176,tirebolu,41.0069,38.8139,19.84,53,100,3.17,TR,Mon Nov 13 17:51:46 2023
177,ovalle,-30.5983,-71.2003,21.6,38,69,1.89,CL,Mon Nov 13 17:48:16 2023
178,canico,32.6333,-16.85,22.06,83,75,2.57,PT,Mon Nov 13 17:51:47 2023
179,sabang,5.8933,95.3214,27.08,82,100,7.1,ID,Mon Nov 13 17:51:47 2023
180,akdepe,42.0551,59.3788,3.05,37,97,5.04,TM,Mon Nov 13 17:51:48 2023
181,howrah,22.5892,88.3103,21.0,83,34,1.54,IN,Mon Nov 13 17:51:48 2023
182,birendranagar,28.6019,81.6339,15.87,65,87,1.8,NP,Mon Nov 13 17:51:49 2023
183,enewetak,11.3474,162.3373,28.4,80,96,8.33,MH,Mon Nov 13 17:51:49 2023
184,horki,54.2861,30.9842,2.85,94,100,7.6,BY,Mon Nov 13 17:51:50 2023
185,hawaiian paradise park,19.5933,-154.9731,27.72,75,75,3.6,US,Mon Nov 13 17:51:51 2023
186,chagoda,59.164,35.3285,1.45,99,100,2.15,RU,Mon Nov 13 17:51:51 2023
187,kulhudhuffushi,6.6221,73.07,27.36,74,97,0.37,MV,Mon Nov 13 17:51:52 2023
188,birobidzhan,48.8,132.95,-14.54,94,5,1.27,RU,Mon Nov 13 17:51:52 2023
189,vadso,70.0744,29.7487,-8.91,86,75,7.2,NO,Mon Nov 13 17:51:53 2023
190,motueka,-41.1333,173.0167,18.39,61,67,3.0,NZ,Mon Nov 13 17:51:53 2023
191,boende,-0.2167,20.8667,21.99,96,76,0.6,CD,Mon Nov 13 17:51:54 2023
192,chanute,37.6792,-95.4572,22.82,26,0,5.14,US,Mon Nov 13 17:51:54 2023
193,tazovsky,67.4667,78.7,-18.83,94,7,3.9,RU,Mon Nov 13 17:51:55 2023
194,aldama,22.9167,-98.0667,22.98,73,93,2.56,MX,Mon Nov 13 17:51:55 2023
195,taradale,-39.5333,176.85,20.54,30,86,1.83,NZ,Mon Nov 13 17:51:56 2023
196,lihue,21.9789,-159.3672,28.58,69,75,7.2,US,Mon Nov 13 17:51:57 2023
197,wau,7.7029,27.9953,25.58,72,31,1.93,SS,Mon Nov 13 17:51:57 2023
198,bubaque,11.2833,-15.8333,28.38,69,18,4.61,GW,Mon Nov 13 17:51:58 2023
199,olonkinbyen,70.9221,-8.7187,-2.21,69,95,2.89,SJ,Mon Nov 13 17:51:58 2023
200,manaure,11.7751,-72.4445,29.24,73,79,8.71,CO,Mon Nov 13 17:51:59 2023
201,pierre,44.3683,-100.351,21.51,19,0,9.26,US,Mon Nov 13 17:49:12 2023
202,hadibu,12.65,54.0333,26.21,87,98,4.24,YE,Mon Nov 13 17:47:34 2023
203,goundi,9.3627,17.366,25.36,71,66,1.15,TD,Mon Nov 13 17:52:00 2023
204,mount gambier,-37.8333,140.7667,12.28,82,100,0.62,AU,Mon Nov 13 17:47:09 2023
205,hasaki,35.7333,140.8333,9.22,45,0,5.28,JP,Mon Nov 13 17:52:01 2023
206,mildura,-34.2,142.15,14.48,71,100,7.83,AU,Mon Nov 13 17:51:11 2023
207,vila franca do campo,37.7167,-25.4333,19.23,99,100,1.57,PT,Mon Nov 13 17:47:28 2023
208,madang,-5.2246,145.7966,24.82,90,100,2.18,PG,Mon Nov 13 17:52:03 2023
209,grand-lahou,5.1367,-5.0242,25.95,88,1,1.29,CI,Mon Nov 13 17:52:04 2023
210,khandyga,62.6667,135.6,-33.18,100,67,1.28,RU,Mon Nov 13 17:52:04 2023
211,kapiri mposhi,-13.9652,28.6809,22.19,57,99,1.44,ZM,Mon Nov 13 17:52:05 2023
212,kudymkar,59.0173,54.656,3.28,97,100,5.22,RU,Mon Nov 13 17:52:05 2023
213,quepos,9.4236,-84.1652,27.1,85,87,0.66,CR,Mon Nov 13 17:52:06 2023
214,bumpe,7.8919,-11.9025,24.48,94,100,0.71,SL,Mon Nov 13 17:52:06 2023
215,polyarnyy,69.1989,33.4478,-8.43,95,100,0.8,RU,Mon Nov 13 17:52:07 2023
216,quelimane,-17.8786,36.8883,24.97,83,40,1.03,MZ,Mon Nov 13 17:52:08 2023
217,tosya,41.0155,34.0401,12.51,89,100,2.15,TR,Mon Nov 13 17:52:08 2023
218,meadow lake,34.8014,-106.5436,17.07,36,0,2.23,US,Mon Nov 13 17:52:09 2023
219,dombarovskiy,50.7587,59.5386,5.56,77,100,7.6,RU,Mon Nov 13 17:52:09 2023
220,hamilton,39.1834,-84.5333,15.35,37,20,4.63,US,Mon Nov 13 17:42:11 2023
221,sake,-1.5736,29.045,16.45,96,93,0.32,CD,Mon Nov 13 17:52:11 2023
222,egilsstadir,65.2653,-14.3948,0.95,93,40,0.51,IS,Mon Nov 13 17:52:11 2023
223,dogubayazit,39.5469,44.0842,9.26,60,100,1.76,TR,Mon Nov 13 17:52:12 2023
224,lichuan,30.3,108.85,4.79,92,98,0.33,CN,Mon Nov 13 17:52:12 2023
225,amos,48.5669,-78.1162,0.28,99,100,2.65,CA,Mon Nov 13 17:52:13 2023
226,lovington,32.944,-103.3485,14.62,76,100,0.89,US,Mon Nov 13 17:52:14 2023
227,leamington,42.0549,-82.6062,14.04,12,0,3.58,CA,Mon Nov 13 17:52:14 2023
228,chonchi,-42.6128,-73.8092,7.56,73,59,2.84,CL,Mon Nov 13 17:52:16 2023
229,potosi,-19.5836,-65.7531,13.48,44,40,6.17,BO,Mon Nov 13 17:47:19 2023
230,paso de los toros,-32.8167,-56.5167,15.18,92,100,5.45,UY,Mon Nov 13 17:51:38 2023
231,balqash,46.8481,74.995,3.52,81,21,3.21,KZ,Mon Nov 13 17:52:18 2023
232,baoshan,46.5586,131.4244,-10.63,92,12,3.07,CN,Mon Nov 13 17:52:18 2023
233,madinat sittah uktubar,29.8167,31.05,22.78,83,0,4.27,EG,Mon Nov 13 17:52:19 2023
234,kurmuk,10.55,34.2833,24.8,65,6,1.25,SD,Mon Nov 13 17:52:20 2023
235,fale old settlement,-9.3852,-171.2468,28.37,77,100,6.85,TK,Mon Nov 13 17:52:20 2023
236,stanley,54.868,-1.6985,8.77,87,20,10.29,GB,Mon Nov 13 17:48:42 2023
237,carlinville,39.2798,-89.8818,18.84,33,0,3.0,US,Mon Nov 13 17:52:21 2023
238,ust'-kulom,61.6864,53.6902,1.59,98,100,4.13,RU,Mon Nov 13 17:52:22 2023
239,leszno,51.8403,16.5749,7.01,92,100,3.25,PL,Mon Nov 13 17:52:23 2023
240,hesla,24.0667,85.8833,17.37,55,68,1.54,IN,Mon Nov 13 17:52:24 2023
241,trindade,-16.6494,-49.4889,26.86,37,66,1.7,BR,Mon Nov 13 17:50:43 2023
242,katsuura,35.1333,140.3,11.95,47,1,2.51,JP,Mon Nov 13 17:52:25 2023
243,banfora,10.6333,-4.7667,25.14,28,73,1.71,BF,Mon Nov 13 17:52:26 2023
244,mendefera,14.8872,38.8153,17.16,76,52,1.62,ER,Mon Nov 13 17:52:26 2023
245,samalut,28.3121,30.7101,21.64,72,0,4.43,EG,Mon Nov 13 17:52:27 2023
246,kutum,14.2,24.6667,26.06,28,99,5.79,SD,Mon Nov 13 17:52:27 2023
247,ponta delgada,37.7333,-25.6667,19.4,94,40,2.57,PT,Mon Nov 13 17:52:28 2023
248,sinjai,-5.1241,120.253,27.19,69,100,0.69,ID,Mon Nov 13 17:52:28 2023
249,al ghayzah,16.2079,52.176,25.89,75,14,1.67,YE,Mon Nov 13 17:52:29 2023
250,altamont,42.2068,-121.7372,13.83,47,0,3.09,US,Mon Nov 13 17:52:30 2023
251,princeton,25.5384,-80.4089,27.0,77,0,4.63,US,Mon Nov 13 17:49:23 2023
252,selfoss,63.9331,-20.9971,2.92,64,56,6.62,IS,Mon Nov 13 17:52:31 2023
253,port elizabeth,-33.918,25.5701,17.16,78,75,5.14,ZA,Mon Nov 13 17:52:31 2023
254,qujing,25.4833,103.7833,10.97,94,100,2.43,CN,Mon Nov 13 17:52:32 2023
255,guerrero negro,27.9769,-114.0611,24.43,39,35,5.74,MX,Mon Nov 13 17:52:33 2023
256,tlacotalpan,18.6167,-95.6667,24.42,84,89,8.06,MX,Mon Nov 13 17:52:33 2023
257,kapa'a,22.0752,-159.319,28.99,70,75,7.2,US,Mon Nov 13 17:52:34 2023
258,usogorsk,63.4106,48.6872,-0.74,94,100,3.7,RU,Mon Nov 13 17:52:34 2023
259,qarazhal,48.0078,70.7903,1.6,78,6,3.23,KZ,Mon Nov 13 17:52:35 2023
260,jaunpiebalga,57.1833,26.05,2.41,96,100,2.48,LV,Mon Nov 13 17:52:35 2023
261,dudinka,69.4058,86.1778,-12.43,86,74,5.2,RU,Mon Nov 13 17:52:36 2023
262,teknaf,20.8624,92.3058,23.5,86,54,1.74,BD,Mon Nov 13 17:52:36 2023
263,sarangani,5.4033,125.4636,27.81,80,74,2.71,PH,Mon Nov 13 17:52:37 2023
264,fada,9.5667,8.3,21.93,53,76,1.66,NG,Mon Nov 13 17:52:38 2023
265,kabinda,-6.1333,24.4833,19.84,99,100,1.86,CD,Mon Nov 13 17:52:38 2023
266,qa'en,33.7265,59.1844,10.76,40,59,0.77,IR,Mon Nov 13 17:52:39 2023
267,laguna,38.421,-121.4238,23.38,43,0,3.09,US,Mon Nov 13 17:52:39 2023
268,ancud,-41.8697,-73.8203,8.68,60,26,5.65,CL,Mon Nov 13 17:52:40 2023
269,kenora,49.8167,-94.4337,3.54,75,75,1.54,CA,Mon Nov 13 17:52:40 2023
270,fort bragg,35.139,-79.006,15.91,56,0,2.06,US,Mon Nov 13 17:52:39 2023
271,mili,6.0815,171.735,28.21,83,100,6.28,MH,Mon Nov 13 17:52:41 2023
272,hithadhoo,-0.6,73.0833,27.05,83,57,4.42,MV,Mon Nov 13 17:52:39 2023
273,kununurra,-15.7667,128.7333,26.99,83,33,0.51,AU,Mon Nov 13 17:52:43 2023
274,jalai nur,49.45,117.7,-14.66,93,18,1.65,CN,Mon Nov 13 17:52:44 2023
275,tarawa,1.419,172.984,28.34,78,98,6.41,KI,Mon Nov 13 17:52:45 2023
276,gaigeturi,33.4644,126.3183,11.03,50,75,2.06,KR,Mon Nov 13 17:52:46 2023
277,firuzabad,28.8438,52.5707,13.75,36,28,0.94,IR,Mon Nov 13 17:52:46 2023
278,enshi,30.3,109.4833,7.71,93,93,0.21,CN,Mon Nov 13 17:52:47 2023
279,bardai,11.65,7.2333,22.38,22,72,3.12,NG,Mon Nov 13 17:52:47 2023
280,yershov,51.3513,48.2766,5.75,81,100,3.78,RU,Mon Nov 13 17:52:48 2023
281,chernyshevskiy,63.0128,112.4714,-10.62,96,100,2.61,RU,Mon Nov 13 17:52:48 2023
282,sao jose da coroa grande,-8.8978,-35.1478,25.59,84,49,4.05,BR,Mon Nov 13 17:52:20 2023
283,conduaga,8.862,117.4893,26.62,83,44,1.12,PH,Mon Nov 13 17:52:49 2023
284,afaahiti,-17.75,-149.2833,27.93,84,100,4.57,PF,Mon Nov 13 17:52:50 2023
285,east ballina,-28.8667,153.5833,23.22,67,40,1.54,AU,Mon Nov 13 17:52:51 2023
286,hohhot,40.8106,111.6522,-10.84,67,0,2.0,CN,Mon Nov 13 17:52:51 2023
287,amble,55.3333,-1.5833,9.08,81,100,9.77,GB,Mon Nov 13 17:52:52 2023
288,high river,50.5834,-113.8687,11.75,39,82,12.26,CA,Mon Nov 13 17:52:47 2023
289,nenjiang,49.1833,125.2167,-14.12,96,41,2.09,CN,Mon Nov 13 17:52:53 2023
290,zambezi,-13.5432,23.1047,21.11,75,91,2.08,ZM,Mon Nov 13 17:52:53 2023
291,nouadhibou,20.931,-17.0347,23.99,53,36,5.66,MR,Mon Nov 13 17:52:54 2023
292,olinda,-8.0089,-34.8553,27.85,74,20,4.12,BR,Mon Nov 13 17:52:54 2023
293,guiglo,6.5456,-7.4966,23.46,92,66,0.92,CI,Mon Nov 13 17:52:55 2023
294,toktogul,41.8708,72.9402,4.44,37,0,1.73,KG,Mon Nov 13 17:52:55 2023
295,bitburg,49.9667,6.5333,10.28,66,0,6.69,DE,Mon Nov 13 17:52:56 2023
296,neiafu,-18.65,-173.9833,27.38,89,75,4.63,TO,Mon Nov 13 17:52:56 2023
297,portland,45.5234,-122.6762,14.6,74,75,1.79,US,Mon Nov 13 17:50:10 2023
298,popondetta,-8.7537,148.2534,29.08,64,91,0.95,PG,Mon Nov 13 17:52:57 2023
299,sitka,57.0531,-135.33,4.94,70,75,2.57,US,Mon Nov 13 17:52:58 2023
300,cachoeira do sul,-30.0392,-52.8939,18.9,98,100,2.03,BR,Mon Nov 13 17:52:59 2023
301,kuching,1.55,110.3333,27.23,91,20,0.51,MY,Mon Nov 13 17:51:54 2023
302,jiuquan,39.7432,98.5174,-0.68,41,25,1.89,CN,Mon Nov 13 17:53:01 2023
303,la passe,45.5549,-0.8967,17.13,95,100,6.33,FR,Mon Nov 13 17:53:01 2023
304,abra pampa,-22.7205,-65.697,18.18,11,28,11.3,AR,Mon Nov 13 17:53:02 2023
305,saint-pierre,-21.3393,55.4781,22.54,64,82,3.6,RE,Mon Nov 13 17:53:03 2023
306,trenggalek,-8.05,111.7167,25.24,90,93,0.72,ID,Mon Nov 13 17:53:04 2023
307,puerto baquerizo moreno,-0.9,-89.6,26.55,69,75,6.69,EC,Mon Nov 13 17:50:08 2023
308,saudarkrokur,65.7461,-19.6394,-1.85,82,33,3.8,IS,Mon Nov 13 17:53:05 2023
309,kirensk,57.7853,108.1119,-3.91,95,100,4.47,RU,Mon Nov 13 17:53:06 2023
310,katsuren-haebaru,26.3369,127.8719,20.01,68,75,3.09,JP,Mon Nov 13 17:53:07 2023
311,guarapari,-20.6667,-40.4975,27.16,83,77,6.78,BR,Mon Nov 13 17:51:21 2023
312,saipan,15.1355,145.701,28.39,78,40,8.23,MP,Mon Nov 13 17:53:08 2023
313,bamboo flat,11.7,92.7167,28.05,78,100,3.09,IN,Mon Nov 13 17:53:09 2023
314,nguigmi,14.2495,13.1092,27.29,25,100,4.84,NE,Mon Nov 13 17:53:09 2023
315,ifrane,33.3333,-5.25,13.5,42,100,1.23,MA,Mon Nov 13 17:53:10 2023
316,boyolangu,-8.1181,111.8935,25.32,88,89,0.73,ID,Mon Nov 13 17:53:11 2023
317,padangsidempuan,1.3667,99.2667,22.39,99,100,0.18,ID,Mon Nov 13 17:53:12 2023
318,zouerate,22.7187,-12.4521,26.05,16,34,4.1,MR,Mon Nov 13 17:53:12 2023
319,juybar,36.6412,52.9124,18.33,59,92,1.9,IR,Mon Nov 13 17:53:13 2023
320,minas de marcona,-15.2119,-75.1103,14.88,85,73,6.46,PE,Mon Nov 13 17:53:13 2023
321,yanqul,23.5905,56.5501,20.38,27,83,0.55,OM,Mon Nov 13 17:53:14 2023
322,samarinda,-0.5,117.15,24.25,96,100,0.38,ID,Mon Nov 13 17:53:14 2023
323,san ignacio,17.1561,-89.0714,25.08,100,100,3.09,BZ,Mon Nov 13 17:53:15 2023
324,semey,50.4111,80.2275,3.77,94,100,3.86,KZ,Mon Nov 13 17:53:16 2023
325,xai-xai,-25.0519,33.6442,21.54,71,100,5.75,MZ,Mon Nov 13 17:53:16 2023
326,safaga,26.7292,33.9365,25.74,68,0,4.19,EG,Mon Nov 13 17:53:17 2023
327,villa mercedes,-33.6757,-65.4578,17.7,42,0,5.4,AR,Mon Nov 13 17:53:18 2023
328,nueva gerona,21.8833,-82.8,27.61,72,38,3.08,CU,Mon Nov 13 17:53:18 2023
329,kimbe,-5.5502,150.1429,29.79,59,77,1.05,PG,Mon Nov 13 17:53:19 2023
330,kone,-21.0595,164.8658,26.86,41,24,2.46,NC,Mon Nov 13 17:52:48 2023
331,colonia,50.9333,6.95,12.25,75,0,5.66,DE,Mon Nov 13 17:53:20 2023
332,montagu,-40.7667,144.9667,14.42,58,100,4.43,AU,Mon Nov 13 17:53:20 2023
333,twon-brass,4.3151,6.2418,27.64,77,100,2.64,NG,Mon Nov 13 17:53:21 2023
334,lata,40.1629,-8.3327,16.07,94,43,1.57,PT,Mon Nov 13 17:53:21 2023
335,kakata,6.53,-10.3517,24.64,94,100,0.82,LR,Mon Nov 13 17:53:22 2023
336,itoman,26.1247,127.6694,20.01,62,75,4.63,JP,Mon Nov 13 17:53:23 2023
337,namibe,-15.1961,12.1522,24.11,61,100,1.14,AO,Mon Nov 13 17:53:23 2023
338,bouca,6.5105,18.2733,22.22,93,87,0.26,CF,Mon Nov 13 17:53:24 2023
339,ca mau,9.1769,105.15,24.97,91,94,4.09,VN,Mon Nov 13 17:53:24 2023
340,moose jaw,50.4001,-105.5344,8.14,49,100,2.57,CA,Mon Nov 13 17:53:25 2023
341,i-n-salah,27.1935,2.4607,21.42,26,0,5.25,DZ,Mon Nov 13 17:53:25 2023
342,cameron,26.117,-97.5169,17.98,77,100,9.77,US,Mon Nov 13 17:53:26 2023
343,andergrove,-21.0833,149.1833,28.14,59,9,3.25,AU,Mon Nov 13 17:53:27 2023
344,porto novo,6.4965,2.6036,25.9,86,2,2.45,BJ,Mon Nov 13 17:53:27 2023
345,brisas de zicatela,15.8369,-97.0419,31.29,55,0,2.57,MX,Mon Nov 13 17:53:25 2023
346,tual,-5.6667,132.75,27.63,76,28,3.54,ID,Mon Nov 13 17:53:28 2023
347,onega,63.9061,38.1404,-3.27,91,100,3.04,RU,Mon Nov 13 17:53:29 2023
348,vorkuta,67.5,64.0,-17.91,96,95,2.23,RU,Mon Nov 13 17:53:30 2023
349,capao da canoa,-29.7456,-50.0097,20.28,96,97,1.82,BR,Mon Nov 13 17:53:30 2023
350,nantucket,41.2835,-70.0995,5.01,71,0,1.54,US,Mon Nov 13 17:53:31 2023
351,bafq,31.6128,55.4107,17.99,27,100,0.23,IR,Mon Nov 13 17:53:31 2023
352,alta sierra,35.7291,-118.5495,16.17,23,90,2.46,US,Mon Nov 13 17:53:32 2023
353,aasiaat,68.7098,-52.8699,-10.29,85,100,2.43,GL,Mon Nov 13 17:53:32 2023
354,daru,-9.0763,143.2092,27.67,65,48,3.54,PG,Mon Nov 13 17:53:33 2023
355,beau vallon,-20.4189,57.6953,24.01,88,40,1.54,MU,Mon Nov 13 17:53:34 2023
356,altai,46.3722,96.2583,-8.11,95,100,1.95,MN,Mon Nov 13 17:53:34 2023
357,belmonte,-15.8631,-38.8828,25.26,80,0,5.87,BR,Mon Nov 13 17:53:35 2023
358,east hills,40.7937,-73.6271,8.68,71,20,1.54,US,Mon Nov 13 17:53:36 2023
359,luwuk,-0.9516,122.7875,27.84,74,59,0.7,ID,Mon Nov 13 17:53:36 2023
360,richards bay,-28.783,32.0377,17.74,84,100,4.7,ZA,Mon Nov 13 17:53:13 2023
361,bima,-8.4667,118.7167,27.97,77,65,1.56,ID,Mon Nov 13 17:53:37 2023
362,la'ie,21.6477,-157.9253,30.98,73,94,4.02,US,Mon Nov 13 17:53:38 2023
363,weno,7.4515,151.8468,28.97,79,100,2.57,FM,Mon Nov 13 17:53:38 2023
364,bratca,46.9333,22.6167,6.74,87,100,3.13,RO,Mon Nov 13 17:53:39 2023
365,zdolbuniv,50.5206,26.2425,2.33,92,55,3.11,UA,Mon Nov 13 17:53:39 2023
366,nova prata,-28.7839,-51.61,19.21,99,100,1.23,BR,Mon Nov 13 17:53:40 2023
367,noumea,-22.2763,166.4572,25.99,98,73,6.7,NC,Mon Nov 13 17:43:52 2023
368,labuan,5.2767,115.2417,25.2,100,20,0.0,MY,Mon Nov 13 17:52:41 2023
369,coquimbo,-29.9533,-71.3436,17.85,63,0,6.17,CL,Mon Nov 13 17:53:41 2023
370,murzuq,25.9155,13.9184,19.75,45,0,4.51,LY,Mon Nov 13 17:53:42 2023
371,lacombe,52.4668,-113.7353,10.68,43,73,3.09,CA,Mon Nov 13 17:53:43 2023
372,libenge,3.65,18.6333,22.6,96,83,0.44,CD,Mon Nov 13 17:53:43 2023
373,ryotsu-minato,38.0833,138.4333,10.28,67,100,7.13,JP,Mon Nov 13 17:53:19 2023
374,jequie,-13.8575,-40.0836,22.8,81,0,2.1,BR,Mon Nov 13 17:53:44 2023
375,palapye,-22.546,27.1251,19.3,68,28,6.21,BW,Mon Nov 13 17:53:45 2023
376,moab,38.5733,-109.5498,15.83,21,16,1.27,US,Mon Nov 13 17:53:45 2023
377,emerald,-23.5333,148.1667,26.86,35,0,4.02,AU,Mon Nov 13 17:53:46 2023
378,kidal,18.4411,1.4078,25.25,13,0,5.0,ML,Mon Nov 13 17:53:47 2023
379,murun-kuren,49.6342,100.1625,-8.19,75,91,1.6,MN,Mon Nov 13 17:53:47 2023
380,cockburn town,21.4612,-71.1419,28.0,77,1,8.31,TC,Mon Nov 13 17:53:48 2023
381,talnakh,69.4865,88.3972,-12.66,94,100,6.01,RU,Mon Nov 13 17:52:38 2023
382,port lincoln,-34.7333,135.8667,15.35,77,100,5.03,AU,Mon Nov 13 17:53:49 2023
383,yarmouth,41.7057,-70.2286,5.54,81,75,0.89,US,Mon Nov 13 17:53:49 2023
384,new norfolk,-42.7826,147.0587,14.95,44,78,2.6,AU,Mon Nov 13 17:53:02 2023
385,rondonopolis,-16.4708,-54.6356,33.57,25,86,1.92,BR,Mon Nov 13 17:49:03 2023
386,spas-demensk,54.4122,34.0226,3.23,90,100,5.63,RU,Mon Nov 13 17:53:51 2023
387,sarukhan,40.2905,45.1306,8.46,59,100,4.4,AM,Mon Nov 13 17:53:52 2023
388,puerto santa,-8.9906,-78.6456,20.27,82,91,5.07,PE,Mon Nov 13 17:53:52 2023
389,kaihua,23.3687,104.28,13.09,98,100,1.5,CN,Mon Nov 13 17:53:53 2023
390,constantia,44.1833,28.65,2.38,51,0,4.01,RO,Mon Nov 13 17:53:53 2023
391,san patricio,28.017,-97.5169,18.24,91,100,5.49,US,Mon Nov 13 17:53:54 2023
392,tabou,4.423,-7.3528,26.07,88,1,2.99,CI,Mon Nov 13 17:53:54 2023
393,micheweni,-4.9667,39.8333,26.19,86,4,1.14,TZ,Mon Nov 13 17:53:55 2023
394,liaozhong,41.5061,122.7242,-0.58,66,99,1.74,CN,Mon Nov 13 17:53:56 2023
395,vikulovo,56.8167,70.6107,0.61,92,98,4.0,RU,Mon Nov 13 17:53:57 2023
396,yuzhno-kurilsk,44.0306,145.8556,2.43,80,100,8.94,RU,Mon Nov 13 17:53:57 2023
397,mejit,10.2753,170.8646,28.04,81,81,8.64,MH,Mon Nov 13 17:53:36 2023
398,rabo de peixe,37.8,-25.5833,18.73,99,40,2.57,PT,Mon Nov 13 17:53:58 2023
399,kyzylorda,44.8528,65.5092,1.01,80,0,5.0,KZ,Mon Nov 13 17:53:59 2023
400,parauapebas,-6.0675,-49.9022,29.72,44,51,0.43,BR,Mon Nov 13 17:53:59 2023
401,arar,30.9753,41.0381,19.01,27,0,3.09,SA,Mon Nov 13 17:54:00 2023
402,road town,18.4167,-64.6167,28.02,74,40,4.12,VG,Mon Nov 13 17:54:01 2023
403,luanda,-8.8368,13.2343,27.0,83,75,5.14,AO,Mon Nov 13 17:52:46 2023
404,kartuzy,54.3342,18.1974,5.38,92,100,5.14,PL,Mon Nov 13 17:54:02 2023
405,happy valley-goose bay,53.3168,-60.3315,-1.83,69,75,4.63,CA,Mon Nov 13 17:54:02 2023
406,darwin,-12.4611,130.8418,28.86,76,47,1.56,AU,Mon Nov 13 17:53:04 2023
407,mana,5.6592,-53.7767,26.58,86,21,5.0,GF,Mon Nov 13 17:53:16 2023
408,togur,58.3631,82.8265,-6.03,92,7,3.13,RU,Mon Nov 13 17:54:04 2023
409,big park,34.7803,-111.7627,23.17,26,0,1.54,US,Mon Nov 13 17:54:05 2023
410,lompoc,34.6391,-120.4579,23.21,61,0,6.69,US,Mon Nov 13 17:54:05 2023
411,camana,-16.6228,-72.7111,19.37,82,61,3.42,PE,Mon Nov 13 17:54:06 2023
412,eyl,7.9803,49.8164,27.14,77,97,6.41,SO,Mon Nov 13 17:54:06 2023
413,juneau,58.3019,-134.4197,3.0,89,100,6.69,US,Mon Nov 13 17:50:05 2023
414,sinabang,2.4803,96.3801,24.69,91,100,2.5,ID,Mon Nov 13 17:54:08 2023
415,kyshtovka,56.555,76.6271,-0.37,77,100,4.02,RU,Mon Nov 13 17:54:08 2023
416,jacobina,-11.1806,-40.5183,25.72,30,0,1.25,BR,Mon Nov 13 17:51:20 2023
417,ozar,20.1,73.9333,18.78,42,58,2.4,IN,Mon Nov 13 17:54:09 2023
418,mont-dore,-22.2833,166.5833,26.11,97,75,5.96,NC,Mon Nov 13 17:54:10 2023
419,la mira,18.035,-102.3266,29.34,74,42,3.01,MX,Mon Nov 13 17:54:11 2023
420,funafuti,-8.5243,179.1942,28.0,100,75,4.63,TV,Mon Nov 13 17:54:11 2023
421,lieksa,63.3167,30.0167,-2.79,88,100,5.97,FI,Mon Nov 13 17:54:12 2023
422,shahrak,34.1074,64.3052,2.95,34,6,1.71,AF,Mon Nov 13 17:54:12 2023
423,timbuktu,16.7735,-3.0074,27.45,10,0,4.96,ML,Mon Nov 13 17:54:13 2023
424,ciudad lazaro cardenas,17.9583,-102.2,29.35,74,38,3.45,MX,Mon Nov 13 17:50:39 2023
425,crane,31.3974,-102.3501,11.91,83,100,3.92,US,Mon Nov 13 17:54:14 2023
426,chahuites,16.2833,-94.1833,30.71,55,54,5.21,MX,Mon Nov 13 17:54:15 2023
427,loushanguan,28.1375,106.82,7.81,87,100,0.55,CN,Mon Nov 13 17:53:22 2023
428,tura,25.5198,90.2201,18.1,83,5,1.42,IN,Mon Nov 13 17:54:16 2023
429,la ronge,55.1001,-105.2842,2.14,75,100,4.63,CA,Mon Nov 13 17:54:17 2023
430,fonte boa,-2.4959,-66.2662,28.67,67,91,0.66,BR,Mon Nov 13 17:54:17 2023
431,mezhdurechensk,53.6942,88.0603,1.19,98,100,4.2,RU,Mon Nov 13 17:54:18 2023
432,napili-honokowai,20.9708,-156.6705,29.22,72,87,9.15,US,Mon Nov 13 17:54:19 2023
433,ilhabela,-23.7781,-45.3581,25.21,89,61,3.13,BR,Mon Nov 13 17:54:19 2023
434,zaozersk,69.4005,32.4476,-12.39,99,92,0.9,RU,Mon Nov 13 17:54:20 2023
435,cabo san lucas,22.8909,-109.9124,31.45,61,0,3.6,MX,Mon Nov 13 17:51:02 2023
436,avtury,43.16,46.0,8.38,77,100,2.19,RU,Mon Nov 13 17:54:21 2023
437,iquitos,-3.7481,-73.2472,32.02,62,40,1.54,PE,Mon Nov 13 17:54:21 2023
438,patong,7.8961,98.2966,26.08,79,100,6.0,TH,Mon Nov 13 17:54:22 2023
439,el jadid,33.2549,-8.506,20.03,71,1,4.34,MA,Mon Nov 13 17:54:23 2023
440,zakynthos,37.7914,20.8953,15.36,65,11,3.81,GR,Mon Nov 13 17:54:23 2023
441,palmer,42.1584,-72.3287,4.75,58,75,0.0,US,Mon Nov 13 17:54:24 2023
442,inirida,3.8653,-67.9239,25.64,91,100,0.78,CO,Mon Nov 13 17:54:24 2023
443,geraldton,-28.7667,114.6,21.23,83,100,4.12,AU,Mon Nov 13 17:53:53 2023
444,tomaszow lubelski,50.4477,23.4162,2.58,84,63,4.29,PL,Mon Nov 13 17:52:17 2023
445,rawson,-43.3002,-65.1023,19.42,21,97,8.74,AR,Mon Nov 13 17:54:26 2023
446,gaiman,-43.2897,-65.4929,20.14,16,65,11.74,AR,Mon Nov 13 17:54:27 2023
447,konstantinovka,49.6167,127.9833,-13.39,90,8,1.92,RU,Mon Nov 13 17:54:27 2023
448,nachingwea,-10.3833,38.7667,22.93,92,83,0.94,TZ,Mon Nov 13 17:54:28 2023
449,illela,13.7292,5.2975,25.42,12,61,4.97,NG,Mon Nov 13 17:54:28 2023
450,bandar lampung,-5.4254,105.258,24.28,92,77,0.63,ID,Mon Nov 13 17:54:29 2023
451,mombetsu,44.3525,143.3525,1.23,65,81,4.76,JP,Mon Nov 13 17:54:29 2023
452,tralee,52.2704,-9.7026,11.05,87,78,8.34,IE,Mon Nov 13 17:54:30 2023
453,pisco,-13.7,-76.2167,22.03,73,0,7.72,PE,Mon Nov 13 17:54:31 2023
454,franceville,-1.6333,13.5836,22.19,96,55,0.55,GA,Mon Nov 13 17:54:32 2023
455,jean-rabel,19.8533,-73.1917,27.01,80,19,6.08,HT,Mon Nov 13 17:54:32 2023
456,summerside,46.3959,-63.7876,1.49,80,100,3.09,CA,Mon Nov 13 17:50:27 2023
457,natal,-5.795,-35.2094,27.36,78,20,5.66,BR,Mon Nov 13 17:54:33 2023
458,palopo,-2.9996,120.1921,25.48,77,84,1.45,ID,Mon Nov 13 17:54:34 2023
459,havsa,41.549,26.8221,9.36,83,10,1.2,TR,Mon Nov 13 17:54:34 2023
460,kailua-kona,19.6406,-155.9956,30.15,66,40,4.12,US,Mon Nov 13 17:53:24 2023
461,port saint john's,-31.6229,29.5448,16.83,79,100,3.76,ZA,Mon Nov 13 17:54:35 2023
462,hastings,50.8552,0.5729,13.86,84,28,12.93,GB,Mon Nov 13 17:54:36 2023
463,kingston,17.997,-76.7936,31.53,73,20,10.29,JM,Mon Nov 13 17:50:52 2023
464,cotonou,6.3654,2.4183,25.99,83,20,1.54,BJ,Mon Nov 13 17:54:37 2023
465,hansot,21.5833,72.8,21.49,37,79,3.21,IN,Mon Nov 13 17:54:38 2023
466,rangkasbitung,-6.3591,106.2494,29.65,89,100,1.23,ID,Mon Nov 13 17:54:38 2023
467,kushk,33.2957,61.9522,11.97,34,21,1.32,AF,Mon Nov 13 17:54:39 2023
468,kaithal,29.8,76.3833,17.36,39,100,1.43,IN,Mon Nov 13 17:54:39 2023
469,huarmey,-10.0681,-78.1522,21.07,79,81,4.86,PE,Mon Nov 13 17:54:43 2023
470,east london,-33.0153,27.9116,15.96,75,100,3.24,ZA,Mon Nov 13 17:53:27 2023
471,asosa,10.0667,34.5333,17.87,78,8,1.89,ET,Mon Nov 13 17:54:44 2023
472,cidreira,-30.1811,-50.2056,20.22,97,100,1.83,BR,Mon Nov 13 17:54:01 2023
473,hermanus,-34.4187,19.2345,15.8,79,4,8.94,ZA,Mon Nov 13 17:54:45 2023
474,ta`u,-14.2336,-169.5144,28.1,81,85,5.4,AS,Mon Nov 13 17:54:45 2023
475,sheridan,44.8333,-106.9173,13.51,50,0,1.54,US,Mon Nov 13 17:54:46 2023
476,kadugli,11.0167,29.7167,29.08,36,79,1.92,SD,Mon Nov 13 17:54:47 2023
477,lappeenranta,61.0587,28.1887,0.03,80,100,3.6,FI,Mon Nov 13 17:54:47 2023
478,lazaro cardenas,17.9583,-102.2,29.35,74,38,3.45,MX,Mon Nov 13 17:50:39 2023
479,renqiu,38.6989,116.0936,1.24,61,74,1.29,CN,Mon Nov 13 17:54:49 2023
480,massaguet,12.4755,15.4365,30.29,28,100,2.44,TD,Mon Nov 13 17:54:49 2023
481,antofagasta,-23.65,-70.4,17.6,73,23,4.15,CL,Mon Nov 13 17:46:04 2023
482,amga,60.8953,131.9608,-29.17,100,100,1.02,RU,Mon Nov 13 17:54:50 2023
483,mutuali,-14.8706,37.0044,21.79,88,74,1.74,MZ,Mon Nov 13 17:54:51 2023
484,dawesville,30.9224,-84.0091,18.15,70,100,1.79,US,Mon Nov 13 17:54:52 2023
485,dolneni,41.4253,21.4547,8.72,85,32,2.13,MK,Mon Nov 13 17:54:52 2023
486,christchurch,-43.5333,172.6333,25.11,36,20,5.66,NZ,Mon Nov 13 17:54:53 2023
487,castillos,-34.1667,-53.8333,15.37,88,100,4.39,UY,Mon Nov 13 17:54:54 2023
488,kalaleh,37.3807,55.4916,19.28,39,90,2.93,IR,Mon Nov 13 17:54:54 2023
489,great bend,38.3645,-98.7648,21.07,35,0,6.69,US,Mon Nov 13 17:54:55 2023
490,nizhniy kuranakh,58.8353,125.4869,-17.91,97,95,1.58,RU,Mon Nov 13 17:54:55 2023
491,arteche,12.2645,125.4048,26.81,88,100,5.38,PH,Mon Nov 13 17:53:59 2023
492,antalaha,-14.9003,50.2788,22.23,88,40,0.76,MG,Mon Nov 13 17:54:56 2023
493,santa marta de ortigueira,43.6833,-7.85,17.36,47,100,2.24,ES,Mon Nov 13 17:54:57 2023
494,severo-yeniseyskiy,60.3725,93.0408,-9.31,94,91,2.94,RU,Mon Nov 13 17:54:14 2023
495,annau,37.8876,58.516,9.72,76,15,3.09,TM,Mon Nov 13 17:54:58 2023
496,turaif,31.6725,38.6637,20.14,32,0,5.14,SA,Mon Nov 13 17:54:58 2023
497,plainview,40.7765,-73.4673,8.7,72,20,1.54,US,Mon Nov 13 17:54:59 2023
498,alta,69.9689,23.2717,-11.41,79,75,2.06,NO,Mon Nov 13 17:55:00 2023
499,cherokee,34.2668,-84.4499,17.94,62,0,2.57,US,Mon Nov 13 17:52:58 2023
500,dzhetygara,52.1908,61.2006,4.7,82,100,8.22,KZ,Mon Nov 13 17:55:02 2023
501,abepura,-2.6333,140.5833,26.45,89,20,0.51,ID,Mon Nov 13 17:55:02 2023
502,zheleznogorsk-ilimskiy,56.5768,104.1217,-5.35,93,100,3.13,RU,Mon Nov 13 17:55:04 2023
503,riviere-du-loup,47.8304,-69.5342,-1.51,80,30,0.0,CA,Mon Nov 13 17:55:05 2023
504,horodok,49.1637,26.5839,4.16,77,70,1.67,UA,Mon Nov 13 17:55:06 2023
505,kavieng,-2.5744,150.7967,28.3,69,100,2.07,PG,Mon Nov 13 17:55:07 2023
506,otjimbingwe,-22.35,16.1333,26.93,42,97,1.76,,Mon Nov 13 17:54:37 2023
507,selkirk,50.1436,-96.8845,6.04,83,100,0.45,CA,Mon Nov 13 17:53:20 2023
508,puerto armuelles,8.2833,-82.8667,28.99,84,47,3.13,PA,Mon Nov 13 17:55:10 2023
509,nemuro,43.3236,145.575,4.1,65,56,9.05,JP,Mon Nov 13 17:53:41 2023
510,soledade,-28.8183,-52.5103,17.37,98,100,3.14,BR,Mon Nov 13 17:55:11 2023
511,ilebo,-4.3167,20.5833,21.34,89,29,0.45,CD,Mon Nov 13 17:55:12 2023
512,nagqu,31.5,92.0,-7.83,39,72,1.83,CN,Mon Nov 13 17:55:12 2023
513,sakaiminato,35.55,133.2333,4.99,100,40,2.57,JP,Mon Nov 13 17:55:13 2023
514,san luis de la loma,17.2706,-100.8939,29.22,76,21,3.13,MX,Mon Nov 13 17:55:14 2023
515,mahibadhoo,3.7833,72.9667,27.64,73,99,1.65,MV,Mon Nov 13 17:52:30 2023
516,kourou,5.1552,-52.6478,27.03,85,52,4.43,GF,Mon Nov 13 17:55:15 2023
517,talcahuano,-36.7167,-73.1167,13.82,58,0,8.75,CL,Mon Nov 13 17:55:16 2023
518,inhambane,-23.865,35.3833,22.04,67,90,6.71,MZ,Mon Nov 13 17:55:17 2023
519,enterprise,36.0252,-115.2419,21.3,20,75,2.57,US,Mon Nov 13 17:55:17 2023
520,carbondale,37.7273,-89.2168,19.0,30,0,3.09,US,Mon Nov 13 17:55:18 2023
521,quellon,-43.1167,-73.6167,7.22,65,84,5.36,CL,Mon Nov 13 17:55:18 2023
522,glace bay,46.1969,-59.957,2.14,89,100,3.09,CA,Mon Nov 13 17:55:19 2023
523,bouar,5.934,15.596,19.22,93,45,1.18,CF,Mon Nov 13 17:55:20 2023
524,sisimiut,66.9395,-53.6735,-8.05,79,100,4.05,GL,Mon Nov 13 17:55:09 2023
525,sechura,-5.5569,-80.8222,23.21,66,12,8.44,PE,Mon Nov 13 17:55:22 2023
526,chaman,30.9236,66.4512,11.66,34,20,1.06,PK,Mon Nov 13 17:55:22 2023
527,yeppoon,-23.1333,150.7333,25.88,53,0,3.67,AU,Mon Nov 13 17:55:23 2023
528,nuuk,64.1835,-51.7216,-4.66,86,20,6.71,GL,Mon Nov 13 17:54:45 2023
529,kattivakkam,13.2167,80.3167,25.04,90,100,5.39,IN,Mon Nov 13 17:55:24 2023
530,sagua la grande,22.8067,-80.0756,27.55,75,30,4.43,CU,Mon Nov 13 17:55:24 2023
531,manchester,53.4809,-2.2374,11.3,83,95,0.89,GB,Mon Nov 13 17:51:10 2023
532,alaghsas,17.0187,8.0168,23.54,15,1,4.71,NE,Mon Nov 13 17:53:07 2023
533,mersing,2.4312,103.8405,23.95,94,40,2.06,MY,Mon Nov 13 17:55:26 2023
534,san antonio oeste,-40.7319,-64.9477,21.15,23,67,10.8,AR,Mon Nov 13 17:55:27 2023
535,ende,-8.8432,121.6623,27.72,77,81,0.97,ID,Mon Nov 13 17:55:28 2023
536,st. john's,47.5649,-52.7093,0.54,80,100,2.57,CA,Mon Nov 13 17:54:46 2023
537,bakanas,44.8081,76.2772,2.08,69,0,3.56,KZ,Mon Nov 13 17:55:29 2023
538,qala i naw,34.9874,63.1289,11.31,43,40,0.45,AF,Mon Nov 13 17:55:30 2023
539,agustin codazzi,10.0341,-73.2361,31.99,78,76,1.34,CO,Mon Nov 13 17:55:30 2023
540,ipora,-16.4419,-51.1178,28.11,36,78,1.61,BR,Mon Nov 13 17:55:31 2023
541,igarka,67.4667,86.5833,-12.72,90,99,8.2,RU,Mon Nov 13 17:55:32 2023
542,smara,26.7384,-11.6719,26.11,18,11,3.51,EH,Mon Nov 13 17:55:32 2023
543,ichchapuram,19.1167,84.7,22.01,79,98,2.63,IN,Mon Nov 13 17:55:33 2023
544,valdivia,-39.8142,-73.2459,11.05,97,77,1.44,CL,Mon Nov 13 17:55:33 2023
545,kyzyl,51.7,94.45,-9.99,80,100,0.45,RU,Mon Nov 13 17:55:34 2023
546,inarajan village,13.2736,144.7484,30.44,82,49,8.88,GU,Mon Nov 13 17:55:34 2023
547,bathurst,-33.4166,149.5806,21.57,34,28,1.61,AU,Mon Nov 13 17:50:55 2023
548,coahuayana de hidalgo,18.7,-103.6583,30.36,65,48,2.23,MX,Mon Nov 13 17:53:20 2023
549,yorkton,51.2167,-102.4677,2.91,70,100,5.66,CA,Mon Nov 13 17:55:36 2023
550,panjakent,39.4952,67.6093,8.87,20,0,2.6,TJ,Mon Nov 13 17:55:36 2023
551,lerwick,60.1545,-1.1494,8.0,73,91,7.55,GB,Mon Nov 13 17:55:37 2023
552,sarpol-e zahab,34.4611,45.8626,18.91,39,2,1.51,IR,Mon Nov 13 17:55:37 2023
553,mariehamn,60.0973,19.9348,2.68,93,100,1.54,AX,Mon Nov 13 17:55:38 2023
554,dolbeau-mistassini,48.8763,-72.212,-2.64,91,24,2.24,CA,Mon Nov 13 17:55:39 2023
555,taroa,8.7058,171.2275,28.0,79,97,7.73,MH,Mon Nov 13 17:53:47 2023
556,tosontsengel,48.7567,98.2839,-16.74,89,85,0.26,MN,Mon Nov 13 17:55:38 2023
557,zykovo,55.9519,93.1461,3.33,89,84,6.55,RU,Mon Nov 13 17:55:40 2023
558,shingu,33.7333,135.9833,10.21,72,5,2.47,JP,Mon Nov 13 17:55:41 2023
559,fuglafjordur,62.244,-6.814,7.26,79,34,9.89,FO,Mon Nov 13 17:55:41 2023
560,providence,41.824,-71.4128,6.11,60,100,1.54,US,Mon Nov 13 17:54:49 2023
561,woodward,36.4337,-99.3904,19.57,42,0,4.63,US,Mon Nov 13 17:55:42 2023
562,forster,-32.1667,152.5167,23.54,69,4,4.2,AU,Mon Nov 13 17:52:46 2023
563,chaihe,44.7667,129.7,-17.73,99,75,2.0,CN,Mon Nov 13 17:55:43 2023
564,butembo,0.15,29.2833,13.59,93,77,1.19,CD,Mon Nov 13 17:55:44 2023
565,pupri,26.4833,85.7167,18.83,62,77,2.01,IN,Mon Nov 13 17:55:45 2023
566,tiassale,5.8983,-4.8283,24.08,97,20,1.27,CI,Mon Nov 13 17:55:45 2023
567,camalu,30.85,-116.0667,21.64,36,77,2.28,MX,Mon Nov 13 17:55:46 2023
568,berezovyy,51.6667,135.7,-10.17,72,8,1.31,RU,Mon Nov 13 17:55:46 2023
569,markala,13.7021,-6.0659,26.39,12,4,4.26,ML,Mon Nov 13 17:55:47 2023
570,alice springs,-23.7,133.8833,28.75,20,15,6.69,AU,Mon Nov 13 17:52:56 2023
571,spittal an der drau,46.8,13.5,9.69,97,73,0.9,AT,Mon Nov 13 17:55:48 2023
572,stornoway,58.2093,-6.3865,8.98,86,20,5.14,GB,Mon Nov 13 17:55:49 2023
573,imbituba,-28.24,-48.6703,21.73,98,100,2.46,BR,Mon Nov 13 17:55:50 2023
574,elesbao veloso,-6.2019,-42.1403,30.64,27,39,0.94,BR,Mon Nov 13 17:55:50 2023
575,fort mcmurray,56.7268,-111.381,-2.23,86,100,2.57,CA,Mon Nov 13 17:55:51 2023
576,acapulco de juarez,16.8634,-99.8901,29.48,76,10,3.84,MX,Mon Nov 13 17:55:51 2023
577,freetown,8.484,-13.2299,26.7,86,31,2.01,SL,Mon Nov 13 17:52:54 2023
578,saint-francois,46.4154,3.9054,17.69,74,100,3.09,FR,Mon Nov 13 17:55:52 2023
579,yulinshi,38.2906,109.7494,-1.02,36,0,0.87,CN,Mon Nov 13 17:55:53 2023
580,archangelos,36.2149,28.1149,18.99,78,34,3.94,GR,Mon Nov 13 17:55:54 2023
581,saynshand,44.8824,110.1163,-7.7,53,3,2.3,MN,Mon Nov 13 17:55:54 2023
582,buka,40.8108,69.1986,7.82,39,0,1.5,UZ,Mon Nov 13 17:55:55 2023
583,paredon,16.0333,-93.8667,30.62,62,18,7.86,MX,Mon Nov 13 17:55:55 2023
584,al minya,28.1099,30.7503,22.02,70,0,4.82,EG,Mon Nov 13 17:55:56 2023
585,villa gesell,-37.2639,-56.973,15.03,51,38,6.55,AR,Mon Nov 13 17:55:56 2023
586,poxoreo,-15.8372,-54.3892,31.37,28,92,1.14,BR,Mon Nov 13 17:55:57 2023
587,jaguarari,-10.2639,-40.1958,26.67,26,1,1.91,BR,Mon Nov 13 17:51:18 2023
588,pailon,-17.65,-62.75,32.82,35,61,4.31,BO,Mon Nov 13 17:55:58 2023
589,shortandy,51.7006,70.9994,1.28,91,100,3.65,KZ,Mon Nov 13 17:55:59 2023
590,punta cana,18.5818,-68.4043,27.87,78,40,2.57,DO,Mon Nov 13 17:52:58 2023
591,lengshuitan,26.4111,111.5956,7.47,91,91,1.1,CN,Mon Nov 13 17:56:00 2023
592,clocolan,-28.9137,27.5656,12.44,48,0,1.55,ZA,Mon Nov 13 17:56:01 2023
593,sivas,39.7916,37.0019,11.35,62,75,5.14,TR,Mon Nov 13 17:56:01 2023
594,biryusinsk,55.9634,97.8235,-0.16,80,90,4.78,RU,Mon Nov 13 17:56:02 2023
595,kristiansund,63.1115,7.732,0.36,69,1,3.09,NO,Mon Nov 13 17:53:34 2023
596,burang,30.25,81.1667,-4.72,54,34,1.45,CN,Mon Nov 13 17:52:59 2023
597,el calafate,-50.3408,-72.2768,5.08,48,14,7.61,AR,Mon Nov 13 17:56:04 2023
598,rikaze,29.25,88.8833,-1.56,67,26,1.5,CN,Mon Nov 13 17:53:39 2023
599,akureyri,65.6835,-18.0878,1.96,80,40,3.09,IS,Mon Nov 13 17:56:05 2023
600,uzhur,55.3036,89.8339,3.03,95,100,4.94,RU,Mon Nov 13 17:56:05 2023
601,terrace,54.5163,-128.6035,3.95,87,40,2.57,CA,Mon Nov 13 17:56:06 2023
602,sidi bel abbes,35.1899,-0.6309,12.5,48,81,0.84,DZ,Mon Nov 13 17:56:08 2023
603,howard springs,-12.497,131.047,28.82,76,50,1.19,AU,Mon Nov 13 17:55:21 2023
604,qamdo,31.1667,97.2333,-6.42,56,2,1.6,CN,Mon Nov 13 17:55:43 2023
605,ratnagiri,16.9833,73.3,25.54,65,99,2.38,IN,Mon Nov 13 17:56:09 2023
606,pitoa,9.3833,13.5333,27.84,34,93,1.44,CM,Mon Nov 13 17:56:10 2023
607,nola,40.922,14.5329,18.14,85,77,1.42,IT,Mon Nov 13 17:56:10 2023
608,victorica,-36.2151,-65.4359,18.35,32,0,4.25,AR,Mon Nov 13 17:56:11 2023
